FirstName,LastName,Address,City,County,State,ZIP,Phone,Email
Essie,Vaill,14225 Hancock Dr,Anchorage,Anchorage,AK,99515,907-345-0962,essie@vaill.com
Cruz,Roudabush,2202 S Central Ave,Phoenix,Maricopa,AZ,85004,602-252-4827,cruz@roudabush.com
Billie,Tinnes,28 W 27th St,New York,New York,NY,10001,212-889-5775,billie@tinnes.com
Zackary,Mockus,286 State St,Perth Amboy,Middlesex,NJ,8861,732-442-0638,zackary@mockus.com
Rosemarie,Fifield,3131 N Nimitz Hwy  #-105,Honolulu,Honolulu,HI,96819,808-836-8966,rosemarie@fifield.com
Bernard,Laboy,22661 S Frontage Rd,Channahon,Will,IL,60410,815-467-0487,bernard@laboy.com
Sue,Haakinson,9617 N Metro Pky W,Phoenix,Maricopa,AZ,85051,602-953-2753,sue@haakinson.com
Valerie,Pou,7475 Hamilton Blvd,Trexlertown,Lehigh,PA,18087,610-395-8743,valerie@pou.com
Lashawn,Hasty,815 S Glendora Ave,West Covina,Los Angeles,CA,91790,626-960-6738,lashawn@hasty.com
Marianne,Earman,6220 S Orange Blossom Trl,Orlando,Orange,FL,32809,407-857-0431,marianne@earman.com
Mandy,Mcdonnell,343 Bush St Se,Salem,Marion,OR,97302,503-371-8219,mandy@mcdonnell.com
Cyril,Behen,1650 S Harbor Blvd,Anaheim,Orange,CA,92802,714-772-5050,cyril@behen.com
Rosalind,Krenzke,7000 Bass Lake Rd  #-200,Minneapolis,Hennepin,MN,55428,763-537-4194,rosalind@krenzke.com
Davis,Brevard,6715 Tippecanoe Rd,Canfield,Mahoning,OH,44406,330-533-6346,davis@brevard.com
Winnie,Reich,1535 Hawkins Blvd,El Paso,El Paso,TX,79925,915-771-2730,winnie@reich.com
Deshawn,Inafuku,3508 Leopard St,Corpus Christi,Nueces,TX,78408,361-884-8433,deshawn@inafuku.com
Claudio,Loose,286 State St,Perth Amboy,Middlesex,NJ,8861,732-442-8514,claudio@loose.com
Cristina,Sharper,111 W 40th St,New York,New York,NY,10018,212-719-3952,cristina@sharper.com
Cary,Mccamey,100 E Broad St,Columbus,Franklin,OH,43215,614-225-0900,cary@mccamey.com
Allyson,Gillispie,1722 White Horse Mercerville R,Trenton,Mercer,NJ,8619,609-584-1794,allyson@gillispie.com
Dollie,Daquino,1005 Congress Ave,Austin,Travis,TX,78701,512-478-9636,dollie@daquino.com
Eva,Seahorn,3 Northern Blvd,Amherst,Hillsborough,NH,3031,603-673-6072,eva@seahorn.com
Lyndon,Bellerdine,200 California St,San Francisco,San Francisco,CA,94111,415-705-1956,lyndon@bellerdine.com
Lashonda,Derouen,101 Royal St,Alexandria,Alexandria City,VA,22314,703-684-3394,lashonda@derouen.com
Jacklyn,Emayo,101 Us Highway 46,Fairfield,Essex,NJ,7004,973-882-3960,jacklyn@emayo.com
Boris,Catino,645 Church St,Norfolk,Norfolk City,VA,23510,757-627-8408,boris@catino.com
Jannie,Bowditch,1102 Main St,Grandview,Jackson,MO,64030,816-765-0961,jannie@bowditch.com
Kerry,Evertt,337 S North Lake Blvd,Altamonte Springs,Seminole,FL,32701,407-332-9851,kerry@evertt.com
Kathie,Argenti,410 Front St,Brainerd,Crow Wing,MN,56401,218-828-9253,kathie@argenti.com
Mariano,Maury,1092 Saint Georges Ave,Rahway,Union,NJ,7065,732-388-1579,mariano@maury.com
Ofelia,Sheffler,628 Pacific Ave,Oxnard,Ventura,CA,93030,805-483-7161,ofelia@sheffler.com
Gaston,Cieloszyk,1160 Wccs,Homer City,Indiana,PA,15748,724-479-0355,gaston@cieloszyk.com
Karla,Ken,2135 11th St,Rockford,Winnebago,IL,61104,815-968-0369,karla@ken.com
John,Chipley,2 Horizon Rd  #-2,Fort Lee,Bergen,NJ,7024,201-224-7741,john@chipley.com
Luella,Pliner,3437 N 12th Ave,Pensacola,Escambia,FL,32503,850-434-2521,luella@pliner.com
Elvira,Blumenthal,108 Washington St,Keokuk,Lee,IA,52632,319-524-6237,elvira@blumenthal.com
Tyree,Courrege,13201 Northwest Fwy,Houston,Harris,TX,77040,713-690-9216,tyree@courrege.com
Ramon,Amaral,700 W Highway 287,Lander,Fremont,WY,82520,307-332-2667,ramon@amaral.com
Gracie,Ehn,Kahala,Honolulu,Honolulu,HI,96816,808-247-8624,gracie@ehn.com
Dorthy,Alexy,Pearlridge,Aiea,Honolulu,HI,96701,808-247-4421,dorthy@alexy.com
Rudy,Kuhle,1418 3rd Ave,New York,New York,NY,10028,212-628-9987,rudy@kuhle.com
Margarito,Kornbau,303 W 15th St,Austin,Travis,TX,78701,512-478-0371,margarito@kornbau.com
Lucien,Iurato,3918 16th Ave,Brooklyn,Kings,NY,11218,718-871-7952,lucien@iurato.com
Jarvis,Galas,307 E President St,Savannah,Chatham,GA,31401,912-236-8524,jarvis@galas.com
Jacinto,Gawron,1740 House,Lumberville,Bucks,PA,18933,215-297-0120,jacinto@gawron.com
Randall,Kluemper,Rt 16,North Conway,Carroll,NH,3860,603-356-3217,randall@kluemper.com
Alva,Pennigton,1275 County Road 210 W,Jacksonville,Saint Johns,FL,32259,904-260-2345,alva@pennigton.com
Socorro,Balandran,401 S Main St,Greensburg,Westmoreland,PA,15601,724-834-6908,socorro@balandran.com
